count,176.0
mean,3.7994318181818185
std,1.4270648061804907
min,1.4
25%,2.7
50%,3.6
75%,5.9
max,5.9
