count,120.0
mean,3.5316666666666667
std,1.223370693756286
min,1.4
25%,2.7
50%,3.6
75%,3.6
max,5.9
