count,223.0
mean,4.069506726457399
std,1.4646474312705853
min,1.4
25%,2.7
50%,3.6
75%,5.9
max,5.9
